Name,Rating,Title,Nationality,Games,Rank,Fide Id,Year of Birth
Magnus Carlsen,2847,Grand Master,Norway,2835,1,1503014,1990
Fabiano Caruana,2820,Grand Master,United States,2326,2,2020009,1992
Liren Ding,2791,Grand Master,China,1507,3,8603677,1992
Ian Nepomniachtchi,2789,Grand Master,Russian Federation,2081,4,4168119,1990
Levon Aronian,2781,Grand Master,Armenia,3024,5,13300474,1982
Alexander Grischuk,2777,Grand Master,Russian Federation,3077,6,4126025,1983
Anish Giri,2776,Grand Master,Netherlands,1980,7,24116068,1994
Shakhriyar Mamedyarov,2770,Grand Master,Azerbaijan,2669,8,13401319,1985
Wesley So,2770,Grand Master,United States,1637,9,5202213,1993
Teimour Radjabov,2765,Grand Master,Azerbaijan,1847,10,13400924,1987
Hao Wang,2763,Grand Master,China,1691,11,8602883,1989
Richard Rapport,2763,Grand Master,Hungary,1044,12,738590,1996
Alireza Firouzja,2759,Grand Master,Fide,670,13,12573981,2003
Leinier Dominguez Perez,2758,Grand Master,United States,1188,14,3503240,1983
Maxime Vachier Lagrave,2758,Grand Master,France,2638,15,623539,1990
Sergey Karjakin,2757,Grand Master,Russian Federation,2786,16,14109603,1990
Viswanathan Anand,2753,Grand Master,India,3777,17,5000017,1969
Vladimir Kramnik,2753,Grand Master,Russian Federation,2927,18,4101588,1975
Hikaru Nakamura,2736,Grand Master,United States,2989,19,2016192,1987
Veselin Topalov,2735,Grand Master,Bulgaria,2326,20,2900084,1975
Yi Wei,2732,Grand Master,China,947,21,8603405,1999
Pentala Harikrishna,2730,Grand Master,India,2116,22,5007003,1986
Jan Krzysztof Duda,2729,Grand Master,Poland,969,23,1170546,1998
Santosh Gujrathi Vidit,2726,Grand Master,India,985,24,5029465,1994
Dmitry Andreikin,2725,Grand Master,Russian Federation,1508,25,4158814,1990
Michael Adams,2716,Grand Master,United Kingdom,3050,26,400041,1971
Nikita Vitiugov,2715,Grand Master,Russian Federation,1698,27,4152956,1987
Peter Svidler,2714,Grand Master,Russian Federation,3120,28,4102142,1976
Daniil Dubov,2710,Grand Master,Russian Federation,1476,29,24126055,1996
Francisco Vallejo Pons,2710,Grand Master,Spain,2274,30,2205530,1982
Yangyi Yu,2709,Grand Master,China,1442,31,8603820,1994
Vladislav Artemiev,2709,Grand Master,Russian Federation,1208,32,24101605,1998
Jeffery Xiong,2709,Grand Master,United States,644,33,2047640,2000
Quang Liem Le,2709,Grand Master,Viet Nam,1607,34,12401137,1991
Evgeny Tomashevsky,2706,Grand Master,Russian Federation,1498,35,4147235,1987
Xiangzhi Bu,2705,Grand Master,China,1557,36,8601445,1985
Andrey Esipenko,2701,Grand Master,Russian Federation,739,37,24175439,2002
Jorden Van Foreest,2701,Grand Master,Netherlands,836,38,1039784,1999
Yuriy Kryvoruchko,2699,Grand Master,Ukraine,1099,39,14109182,1986
David Navara,2697,Grand Master,Czech Republic,2401,40,309095,1985
Kirill Alekseenko,2696,Grand Master,Russian Federation,720,41,4135539,1997
Bassem Amin,2695,Grand Master,Egypt,1027,42,10601457,1988
Matthew D Sadler,2694,Grand Master,United Kingdom,916,43,400173,1974
Radoslaw Wojtaszek,2694,Grand Master,Poland,2007,44,1118358,1987
Sam Shankland,2691,Grand Master,United States,859,45,2004887,1991
Alexandr Predke,2690,Grand Master,Russian Federation,754,46,24107581,1994
Maxim Matlakov,2688,Grand Master,Russian Federation,1516,47,4168003,1991
Vladimir Fedoseev,2687,Grand Master,Russian Federation,1364,48,24130737,1995
Zoltan Almasi,2687,Grand Master,Hungary,1944,49,702293,1976
Alexander Areshchenko,2687,Grand Master,Ukraine,1302,50,14109530,1986
Igors Rausis,2685,International Master,Fide,1747,51,11600098,1961
Dmitry Jakovenko,2684,Grand Master,Russian Federation,1849,52,4122356,1983
Anton Korobov,2683,Grand Master,Ukraine,1903,53,14105730,1985
Chao b Li,2683,Grand Master,China,902,54,8604436,1989
AR Saleh Salem,2682,Grand Master,United Arab Emirates,853,55,9301348,1993
Gabriel Sargissian,2682,Grand Master,Armenia,1524,56,13300881,1983
Markus Ragger,2680,Grand Master,Austria,1614,57,1610856,1988
Illya Nyzhnyk,2679,Grand Master,Ukraine,589,58,14118084,1996
Etienne Bacrot,2678,Grand Master,France,2576,59,605506,1983
Vassily Ivanchuk,2678,Grand Master,Ukraine,3931,60,14100010,1969
Boris Gelfand,2676,Grand Master,Israel,3242,61,2805677,1968
Parham Maghsoodloo,2676,Grand Master,Iran,584,62,12539929,2000
Luke J McShane,2674,Grand Master,United Kingdom,1534,63,404853,1984
Ferenc Berkes,2673,Grand Master,Hungary,1605,64,718572,1985
Ray Robson,2673,Grand Master,United States,677,65,2023970,1994
David Anton Guijarro,2673,Grand Master,Spain,1093,66,2285525,1995
Pavel Eljanov,2672,Grand Master,Ukraine,1660,67,14102951,1983
Gawain C Jones,2670,Grand Master,United Kingdom,1452,68,409561,1987
Nils Grandelius,2670,Grand Master,Sweden,1182,69,1710400,1993
Matthias Bluebaum,2670,Grand Master,Germany,875,70,24651516,1997
Yue Wang,2669,Grand Master,China,1374,71,8601429,1987
Hua Ni,2667,Grand Master,China,1347,72,8601160,1983
Ivan Cheparinov,2667,Grand Master,Bulgaria,1900,73,2905540,1986
Vladimir Malakhov,2665,Grand Master,Russian Federation,1823,74,4120787,1980
Gadir Guseinov,2665,Grand Master,Azerbaijan,1161,75,13401378,1986
Gata Kamsky,2665,Grand Master,United States,2056,76,2000024,1974
Nijat Abasov,2664,Grand Master,Azerbaijan,533,77,13402960,1995
Peter Leko,2663,Grand Master,Hungary,2504,78,703303,1979
Sanan Sjugirov,2663,Grand Master,Russian Federation,1362,79,4189302,1993
Hrant Melkumyan,2663,Grand Master,Armenia,1022,80,13302485,1989
Rustam Kasimdzhanov,2662,Grand Master,Uzbekistan,1516,81,14200244,1979
Alexei Shirov,2662,Grand Master,Spain,3484,82,2209390,1972
Samuel Sevian,2660,Grand Master,United States,604,83,2040506,2000
B Adhiban,2659,Grand Master,India,1057,84,5018471,1992
Alexander Donchenko,2659,Grand Master,Germany,1028,85,24603295,1998
Alexander Morozevich,2659,Grand Master,Russian Federation,2321,86,4116992,1977
David W L Howell,2658,Grand Master,United Kingdom,1532,87,410608,1990
Yifan Hou,2658,Grand Master,China,1495,88,8602980,1994
Constantin Lupulescu,2656,Grand Master,Romania,1268,89,1207822,1984
Liviu Dieter Nisipeanu,2656,Grand Master,Germany,1882,90,1202758,1976
Rauf Mamedov,2654,Grand Master,Azerbaijan,1846,91,13401653,1988
Ernesto Inarkiev,2654,Grand Master,Russian Federation,1812,92,4162722,1985
Grigoriy Oparin,2652,Grand Master,Russian Federation,870,93,24125890,1997
Jorge Cori,2652,Grand Master,Peru,498,94,3802272,1995
Aleksandr Rakhmanov,2651,Grand Master,Russian Federation,1394,95,4173708,1989
Andrei Volokitin,2650,Grand Master,Ukraine,1551,96,14107090,1986
Dariusz Swiercz,2649,Grand Master,United States,1055,97,1126881,1994
Alexey Sarana,2649,Grand Master,Russian Federation,798,98,24133795,2000
Arkadij Naiditsch,2649,Grand Master,Azerbaijan,2379,99,4650891,1985
Alexander Onischuk,2649,Grand Master,United States,1480,100,14101025,1975
Vladislav Kovalev,2648,Grand Master,Belarus,1001,101,13504398,1994
Ivan Saric,2648,Grand Master,Croatia,1517,102,14508150,1990
Evgeniy Najer,2648,Grand Master,Russian Federation,1938,103,4118987,1977
Krishnan Sasikiran,2647,Grand Master,India,1863,104,5004985,1981
Viktor Laznicka,2647,Grand Master,Czech Republic,1662,105,316385,1988
Aleksey Dreev,2647,Grand Master,Russian Federation,3222,106,4100107,1969
Sergei Movsesian,2647,Grand Master,Armenia,2555,107,310204,1978
David Paravyan,2647,Grand Master,Russian Federation,778,108,4194985,1998
Karen H Grigoryan,2645,Grand Master,Armenia,689,109,13301004,1995
Alexander Ipatov,2644,Grand Master,Turkey,708,110,14116731,1993
S.P. Sethuraman,2644,Grand Master,India,1072,111,5021596,1993
Jan Gustafsson,2643,Grand Master,Germany,1450,112,4625498,1979
Igor Kovalenko,2643,Grand Master,Latvia,1178,113,14117908,1988
Sergei Rublevsky,2642,Grand Master,Russian Federation,1701,114,4115309,1974
Robert Hovhannisyan,2642,Grand Master,Armenia,665,115,13302507,1991
Yuriy Kuzubov,2642,Grand Master,Ukraine,1322,116,14112906,1990
Chithambaram VR Aravindh,2641,Grand Master,India,479,117,5072786,1999
Ngoc Truong Son Nguyen,2641,Grand Master,Viet Nam,962,118,12401110,1990
Alexander Motylev,2641,Grand Master,Russian Federation,1897,119,4121830,1979
Maxime Lagarde,2640,Grand Master,France,702,120,662399,1994
Zhong Zhang,2640,Grand Master,China,904,121,8600694,1978
Samvel Ter Sahakyan,2640,Grand Master,Armenia,718,122,13302531,1993
Lazaro Bruzon Batista,2639,Grand Master,United States,1557,123,3503739,1982
Christian Bauer,2639,Grand Master,France,2043,124,603767,1977
Aryan Tari,2639,Grand Master,Norway,830,125,1510045,1999
Parimarjan Negi,2639,Grand Master,India,817,126,5016690,1993
Vladimir Akopian,2638,Grand Master,Armenia,1798,127,13300032,1971
Laurent Fressinet,2638,Grand Master,France,2277,128,608742,1981
Evgeny Bareev,2638,Grand Master,Canada,1867,129,4100140,1966
Jun Zhao,2638,Grand Master,China,704,130,8602522,1986
Tamir Nabaty,2638,Grand Master,Israel,577,131,2809052,1991
Rinat Jumabayev,2637,Grand Master,Kazakhstan,976,132,13702661,1989
Emil Sutovsky,2636,Grand Master,Israel,1757,133,2802007,1977
Jules Moussard,2635,Grand Master,France,714,134,642908,1995
Mateusz Bartel,2635,Grand Master,Poland,1889,135,1112635,1985
Surya Shekhar Ganguly,2635,Grand Master,India,1702,136,5002150,1983
Benjamin Gledura,2633,Grand Master,Hungary,465,137,712779,1999
Alexander Riazantsev,2631,Grand Master,Russian Federation,2059,138,4125029,1985
Maksim Chigaev,2631,Grand Master,Russian Federation,957,139,4108116,1996
Anton Kovalyov,2631,Grand Master,Canada,562,140,114987,1992
Dmitry Kokarev,2631,Grand Master,Russian Federation,1144,141,4132181,1982
Tamas Banusz,2631,Grand Master,Hungary,1222,142,722413,1989
Ruslan Ponomariov,2631,Grand Master,Ukraine,2041,143,14103320,1983
Mustafa Yilmaz,2630,Grand Master,Turkey,809,144,6302718,1992
Qun Ma,2630,Grand Master,China,351,145,8603154,1991
Ivan Popov,2630,Grand Master,Russian Federation,1192,146,4170350,1990
Alan Pichot,2630,Grand Master,Argentina,490,147,110973,1998
Julio E Granda Zuniga,2630,Grand Master,Peru,1597,148,3800024,1967
M.amin Tabatabaei,2629,Grand Master,Iran,467,149,12521213,2001
Sandro Mareco,2629,Grand Master,Argentina,923,150,112275,1987
Manuel Petrosyan,2628,Grand Master,Armenia,549,151,13300857,1998
Konstantin Landa,2628,Grand Master,Russian Federation,1587,152,4101685,1972
Georg Meier,2628,Grand Master,Germany,1263,153,4675789,1987
Nodirbek Abdusattorov,2627,Grand Master,Uzbekistan,384,154,14204118,2004
Luka Lenic,2627,Grand Master,Slovenia,1136,155,14603853,1988
Nigel D Short,2626,Grand Master,United Kingdom,2842,156,400025,1965
Martyn Kravtsiv,2625,Grand Master,Ukraine,1039,157,14113147,1990
Bogdan-Daniel Deac,2625,Grand Master,Romania,576,158,1226380,2001
Aleksandr Lenderman,2624,Grand Master,United States,691,159,2021285,1989
Benjamin Bok,2624,Grand Master,Netherlands,975,160,1017063,1995
Ioannis Papaioannou,2623,Grand Master,Greece,675,161,4201345,1976
Farrukh Amonatov,2622,Grand Master,Tajikistan,922,162,14700077,1978
Erwin L'Ami,2622,Grand Master,Netherlands,934,163,1007998,1985
Vladimir Onischuk,2622,Grand Master,Ukraine,1003,164,14114038,1991
Haik M Martirosyan,2622,Grand Master,Armenia,393,165,13306553,2000
Daniel Naroditsky,2621,Grand Master,United States,459,166,2026961,1995
Nihal Sarin,2620,Grand Master,India,415,167,25092340,2004
Evgeny Shtembuliak,2620,Grand Master,Ukraine,248,168,14113325,1999
Alexander Moiseenko,2620,Grand Master,Ukraine,1788,169,14102560,1980
Jose Eduardo Martinez Alcantara,2620,Grand Master,Peru,247,170,3805662,1999
Yaroslav Zherebukh,2620,Grand Master,United States,650,171,14116804,1993
Loek Van Wely,2620,Grand Master,Netherlands,3686,172,1000268,1972
Evgeny Alekseev,2619,Grand Master,Russian Federation,1902,173,4138147,1985
Boris Grachev,2619,Grand Master,Russian Federation,1832,174,4129199,1986
Pavel Ponkratov,2619,Grand Master,Russian Federation,1422,175,4157800,1988
Narayanan.S.L,2618,Grand Master,India,444,176,5058422,1998
Wojciech Moranda,2618,Grand Master,Poland,506,177,1122401,1988
Jinshi Bai,2618,Grand Master,China,433,178,8602280,1999
Peter Heine Nielsen,2618,Grand Master,Denmark,1888,179,1400355,1973
Bartosz Socko,2618,Grand Master,Poland,2307,180,1107038,1978
Johan-Sebastian Christiansen,2617,Grand Master,Norway,542,181,1512668,1998
Daniele Vocaturo,2617,Grand Master,Italy,1003,182,813192,1989
Anatoly Karpov,2617,Grand Master,Russian Federation,3777,183,4100026,1951
Sergey A Fedorchuk,2616,Grand Master,Ukraine,1721,184,14102536,1981
Neuris Delgado Ramirez,2616,Grand Master,Paraguay,360,185,3503631,1981
Ildar Khairullin,2615,Grand Master,Russian Federation,1074,186,4151348,1990
Jianchao Zhou,2615,Grand Master,China,1004,187,8603537,1988
Kacper Piorun,2615,Grand Master,Poland,950,188,1130420,1991
Shanglei Lu,2615,Grand Master,China,873,189,8603332,1995
Ahmed Adly,2615,Grand Master,Egypt,885,190,10601619,1987
Viktor Erdos,2614,Grand Master,Hungary,1397,191,719978,1987
Varuzhan Akobian,2614,Grand Master,United States,1090,192,13300580,1983
Vadim Zvjaginsev,2614,Grand Master,Russian Federation,1944,193,4113403,1976
Ilia Smirin,2614,Grand Master,Israel,2308,194,2801990,1968
Maxim Rodshtein,2614,Grand Master,Israel,1145,195,2806851,1989
Rasmus Svane,2613,Grand Master,Germany,855,196,4657101,1997
Abhijeet Gupta,2612,Grand Master,India,1169,197,5010608,1989
Romain Edouard,2611,Grand Master,France,1440,198,633429,1990
Alexander Galkin,2611,Grand Master,Russian Federation,960,199,4120426,1979
Jacek Tomczak,2610,Grand Master,Poland,608,200,1124668,1990
Imre Jr Hera,2610,Grand Master,Hungary,795,201,716855,1986
Anton Demchenko,2610,Grand Master,Russian Federation,752,202,4160258,1987
Dimitrios Mastrovasilis,2609,Grand Master,Greece,1200,203,4202694,1983
Mikhail Al. Antipov,2609,Grand Master,Russian Federation,984,204,4107012,1997
Arik Braun,2609,Grand Master,Germany,752,205,4663527,1988
Jon Ludvig Hammer,2608,Grand Master,Norway,951,206,1503707,1990
Alexander Khalifman,2608,Grand Master,Russian Federation,2169,207,4100115,1966
Praggnanandhaa R,2608,Grand Master,India,349,208,25059530,2005
Jaime Santos Latasa,2608,Grand Master,Spain,428,209,2293307,1996
Boris Alterman,2608,Grand Master,Israel,697,210,2801906,1970
Eduardo Iturrizaga Bonelli,2607,Grand Master,Spain,1057,211,3901211,1989
Aleksandar Indjic,2607,Grand Master,Serbia,716,212,911925,1995
Manuel Perez Candelario,2607,Grand Master,Spain,792,213,2210622,1983
Georgy Pilavov,2607,Grand Master,Ukraine,82,214,14109158,1974
Andreas Heimann,2606,Grand Master,Germany,621,215,24624632,1992
Timur Gareyev,2606,Grand Master,United States,610,216,14200937,1988
Zaven Andriasian,2606,Grand Master,Armenia,1059,217,13302000,1989
Ivan Ivanisevic,2606,Grand Master,Serbia,1821,218,912417,1977
Murali Karthikeyan,2606,Grand Master,India,552,219,5074452,1999
Arman Pashikian,2606,Grand Master,Armenia,730,220,13301578,1987
Eric Hansen,2606,Grand Master,Canada,520,221,2606771,1992
Denis Khismatullin,2606,Grand Master,Russian Federation,1525,222,4142578,1984
Vasif Durarbayli,2606,Grand Master,Azerbaijan,463,223,13402935,1992
Nodirbek Yakubboev,2605,Grand Master,Uzbekistan,282,224,14203987,2002
Igor Lysyj,2605,Grand Master,Russian Federation,1211,225,4150120,1987
Evgeny Postny,2605,Grand Master,Israel,1826,226,2804344,1981
Konstantin Sakaev,2604,Grand Master,Russian Federation,1683,227,4104226,1974
Sergei Tiviakov,2604,Grand Master,Netherlands,2442,228,1008013,1973
Sergei Azarov,2604,Grand Master,Belarus,1153,229,13501470,1983
Niclas Huschenbeth,2604,Grand Master,Germany,721,230,24604747,1992
Baadur Jobava,2603,Grand Master,Georgia,1746,231,13601520,1983
Zviad Izoria,2602,Grand Master,United States,849,232,13601733,1984
Tigran Gharamian,2602,Grand Master,France,726,233,13301527,1984
Hristos Banikas,2602,Grand Master,Greece,1257,234,4202031,1978
Zahar Efimenko,2601,Grand Master,Ukraine,1480,235,14107201,1985
David Baramidze,2601,Grand Master,Germany,1117,236,4667719,1988
Daniel Fridman,2601,Grand Master,Germany,2407,237,11600454,1976
Tigran L Petrosian,2601,Grand Master,Armenia,1164,238,13301616,1984
Erik Van den Doel,2601,Grand Master,Netherlands,1268,239,1003720,1979
Marin Bosiocic,2601,Grand Master,Croatia,1257,240,14507927,1988
Suri Vaibhav,2600,Grand Master,India,434,241,5045185,1997
Yannick Gozzoli,2600,Grand Master,France,686,242,616915,1983
Cristobal Henriquez Villagra,2600,Grand Master,Chile,263,243,3409350,1996
Evgeny Romanov,2599,Grand Master,Russian Federation,1472,244,4148843,1988
Axel Bachmann,2599,Grand Master,Paraguay,606,245,3700488,1989
Diego Flores,2599,Grand Master,Argentina,1051,246,108049,1982
Ivan Salgado Lopez,2599,Grand Master,Spain,1075,247,2257327,1991
Kirill Shevchenko,2599,Grand Master,Ukraine,379,248,14129574,2002
Gabor Papp,2599,Grand Master,Hungary,1185,249,718602,1987
Vitaliy Bernadskiy,2599,Grand Master,Ukraine,709,250,14100371,1994
Dmitrij Kollars,2598,Grand Master,Germany,407,251,12909572,1999
Vladimir Belov,2598,Grand Master,Russian Federation,962,252,4132394,1984
Olexandr Bortnyk,2598,Grand Master,Ukraine,359,253,14120828,1996
Robert Markus,2598,Grand Master,Serbia,1221,254,921637,1983
Alexander Zubov,2598,Grand Master,Ukraine,841,255,14109409,1983
Aram Hakobyan,2598,Grand Master,Armenia,373,256,13306677,2001
Eltaj Safarli,2598,Grand Master,Azerbaijan,1319,257,13402129,1992
Michal Krasenkow,2597,Grand Master,Poland,2373,258,1113100,1963
Ante Brkic,2597,Grand Master,Croatia,1542,259,14506688,1988
Zdenko Kozul,2597,Grand Master,Croatia,2761,260,14502879,1966
Weiqi Zhou,2597,Grand Master,China,630,261,8601674,1986
Chongsheng Zeng,2597,Grand Master,China,348,262,8603847,1993
Andriy Vovk,2597,Grand Master,Ukraine,466,263,14114470,1991
Aleksandr Shimanov,2597,Grand Master,Russian Federation,1095,264,4198603,1992
Shant Sargsyan,2596,Grand Master,Armenia,325,265,13306766,2002
Dimitri Reinderman,2596,Grand Master,Netherlands,1275,266,1001302,1972
Grzegorz Gajewski,2596,Grand Master,Poland,1155,267,1116207,1985
Ivan Sokolov,2595,Grand Master,Netherlands,2824,268,14400030,1968
Artyom Timofeev,2594,Grand Master,Russian Federation,1758,269,4140419,1985
Yang Wen,2594,Grand Master,China,775,270,8602956,1988
Peter Michalik,2594,Grand Master,Czech Republic,849,271,14907526,1990
Dragan Solak,2594,Grand Master,Turkey,1335,272,916811,1980
Yuniesky Quesada Perez,2593,Grand Master,United States,745,273,3504409,1984
Aleksandra Goryachkina,2593,Grand Master,Russian Federation,929,274,4147103,1998
Miguel Santos Ruiz,2592,Grand Master,Spain,454,275,22291482,1999
Awonder Liang,2592,Grand Master,United States,396,276,2056437,2003
Rafael Leitao,2592,Grand Master,Brazil,1192,277,2101246,1979
Ferdinand Hellers,2592,Grand Master,Sweden,658,278,1700022,1969
Mircea Emilian Parligras,2591,Grand Master,Romania,1305,279,1204297,1980
Jure Borisek,2591,Grand Master,Slovenia,842,280,14603152,1986
Vincent Keymer,2591,Grand Master,Germany,268,281,12940690,2004
Yusnel Bacallao Alonso,2590,Grand Master,Cuba,292,282,3507416,1988
Emilio Cordova,2590,Grand Master,Peru,915,283,3801497,1991
Kiril Georgiev,2589,Grand Master,Macedonia,2585,284,2900017,1965
Viorel Iordachescu,2589,Grand Master,Moldova,1654,285,13900200,1977
Pouya Idani,2588,Grand Master,Iran,517,286,12510130,1995
Mikhail Kobalia,2587,Grand Master,Russian Federation,1071,287,4119150,1978
Vladimir Baklan,2587,Grand Master,Ukraine,1472,288,14102196,1978
Humpy Koneru,2586,Grand Master,India,1405,289,5008123,1987
Borki Predojevic,2586,Grand Master,Bosnia And Herzegovina,1118,290,930849,1987
Mykhaylo Oleksiyenko,2585,Grand Master,Ukraine,787,291,4152417,1986
Aryan Chopra,2585,Grand Master,India,234,292,5084423,2001
Abhimanyu Puranik,2584,Grand Master,India,392,293,5061245,2000
Daniil Yuffa,2584,Grand Master,Russian Federation,924,294,24131423,1997
Merab Gagunashvili,2584,Grand Master,Georgia,1079,295,13601652,1985
Falko Bindrich,2584,Grand Master,Germany,972,296,4676670,1990
Marcin Dziuba,2583,Grand Master,Poland,795,297,1112953,1983
Sergei Ovsejevitsch,2582,Grand Master,Ukraine,737,298,14101866,1977
Dennis Wagner,2581,Grand Master,Germany,589,299,24650684,1997
Yannick Pelletier,2581,Grand Master,Switzerland,1875,300,1301837,1976
Velimir Ivic,2581,Grand Master,Serbia,214,301,950122,2002
Peter Prohaszka,2581,Grand Master,Hungary,863,302,726265,1992
Cristhian Cruz,2581,Grand Master,Peru,476,303,3801969,1992
Aleksei Pridorozhni,2580,Grand Master,Russian Federation,1052,304,4127870,1981
Rainer Buhmann,2580,Grand Master,Germany,1171,305,4651340,1981
Michael Roiz,2579,Grand Master,Israel,1085,306,2804158,1983
Kamil Miton,2579,Grand Master,Poland,1268,307,1111914,1984
Mads Andersen,2579,Grand Master,Denmark,697,308,1413864,1995
Noel Studer,2579,Grand Master,Switzerland,575,309,1319620,1996
Hrvoje Stevic,2579,Grand Master,Croatia,1463,310,14502569,1980
Hjorvar Stein Gretarsson,2578,Grand Master,Iceland,362,311,2302241,1993
Vladimir Potkin,2578,Grand Master,Russian Federation,1609,312,4131061,1982
Dmitry Kryakvin,2577,Grand Master,Russian Federation,774,313,4153278,1984
Mikhail Gurevich,2577,Grand Master,Belgium,2370,314,200930,1959
Denis Kadric,2577,Grand Master,Bosnia And Herzegovina,488,315,14403803,1995
Thai Dai Van Nguyen,2577,Grand Master,Czech Republic,570,316,358878,2001
Sebastian Bogner,2577,Grand Master,Switzerland,792,317,4692055,1991
Jan Smeets,2576,Grand Master,Netherlands,1201,318,1007246,1985
Bojan Vuckovic,2576,Grand Master,Serbia,818,319,922277,1980
Tomi Nyback,2576,Grand Master,Finland,1352,320,503142,1985
Aleksey Goganov,2575,Grand Master,Russian Federation,1026,321,24109959,1991
Alexander Kovchan,2575,Grand Master,Ukraine,1087,322,14103052,1983
Murtas Kazhgaleyev,2575,Grand Master,Kazakhstan,1041,323,13700316,1973
Robert Huebner,2574,Grand Master,Germany,2355,324,4600010,1948
Martin Kraemer,2574,Grand Master,Germany,568,325,4671910,1987
Victor Bologan,2574,Grand Master,Moldova,2528,326,13900048,1971
Carlos Daniel Albornoz Cabrera,2573,Grand Master,Cuba,157,327,3518736,2000
Stepan Zilka,2573,Grand Master,Czech Republic,560,328,315303,1988
Muhammed Batuhan Dastan,2572,Grand Master,Turkey,266,329,6300014,1997
Frode Urkedal,2512,2572,Norway,508,330,Grand,1506102 FIDE Profile
Gergely Antal,2572,Grand Master,Hungary,1145,331,717312,1985
Klementy Sychev,2572,Grand Master,Russian Federation,542,332,4114060,1996
Luis Paulo Supi,2572,Grand Master,Brazil,80,333,2106388,1996
Vugar Asadli,2572,Grand Master,Azerbaijan,257,334,13405764,2001
Alvar Alonso Rosell,2572,Grand Master,Spain,397,335,2270544,1992
Csaba Balogh,2572,Grand Master,Hungary,1799,336,718939,1987
Ruben Felgaer,2572,Grand Master,Argentina,986,337,107069,1981
Arturs Neiksans,2572,Grand Master,Latvia,735,338,11601388,1983
Sergei Zhigalko,2572,Grand Master,Belarus,1480,339,13502956,1989
Ljubomir Ljubojevic,2571,Grand Master,Serbia,2202,340,900010,1950
Vahap Sanal,2571,Grand Master,Turkey,815,341,6300545,1998
Chanda Sandipan,2602,2571,India,1354,342,Grand,5004225 FIDE Profile
Mikheil Mchedlishvili,2570,Grand Master,Georgia,1499,343,13600966,1979
Jonathan Hawkins,2570,Grand Master,United Kingdom,153,344,412686,1983
Alexander Graf,2569,Grand Master,Germany,1453,345,4680804,1962
Andrey Baryshpolets,2569,Grand Master,Ukraine,582,346,14117207,1991
Francesco Rambaldi,2569,Grand Master,Italy,220,347,20657307,1999
Emre Can,2569,Grand Master,Turkey,811,348,6302181,1990
Milos Perunovic,2568,Grand Master,Serbia,1247,349,921629,1984
Jan-Christian Schroeder,2568,Grand Master,Germany,197,350,24662259,1998
Evgenij Agrest,2568,Grand Master,Sweden,1380,351,1705024,1966
Robert L Hess,2622,2568,United States,481,352,Grand,2022036 FIDE Profile
Ibro Saric,2568,Grand Master,Bosnia And Herzegovina,497,353,14401290,1982
Nikita Meshkovs,2568,Grand Master,Latvia,528,354,11602740,1994
Sebastien Feller,2568,Grand Master,France,690,355,634654,1991
Ivan Bocharov,2568,Grand Master,Russian Federation,280,356,4180887,1990
Konstantin Tarlev,2567,Grand Master,Ukraine,440,357,14114089,1987
Vitaly Kunin,2567,Grand Master,Germany,652,358,4128737,1983
Alejandro Ramirez,2567,Grand Master,United States,429,359,6500617,1988
Stelios Halkias,2567,Grand Master,Greece,1482,360,4201809,1980
Bart Michiels,2567,Grand Master,Belgium,687,361,202967,1986
Allan Stig Rasmussen,2566,Grand Master,Denmark,606,362,1406000,1983
Jan Markos,2565,Grand Master,Slovakia,838,363,14903474,1985
Zhamsaran Tsydypov,2565,Grand Master,Russian Federation,401,364,4108566,1996
Peter Acs,2565,Grand Master,Hungary,1431,365,708020,1981
Alexandr Fier,2565,Grand Master,Brazil,1278,366,2107139,1988
Zbynek Hracek,2565,Grand Master,Czech Republic,2111,367,300071,1970
Maksim Vavulin,2546,2565,Russian Federation,381,368,International,4169530 FIDE Profile
Yasser Quesada Perez,2565,Grand Master,Cuba,324,369,3509362,1992
Maxim Turov,2565,Grand Master,Russian Federation,1363,370,4120086,1979
Aleksander Mista,2564,Grand Master,Poland,1000,371,1110381,1983
Andrey Stukopin,2564,Grand Master,Russian Federation,564,372,24107131,1994
Valentin Dragnev,2564,Grand Master,Austria,541,373,1634852,1999
Gukesh D,2563,Grand Master,India,352,374,46616543,2006
Aleksej Aleksandrov,2563,Grand Master,Belarus,2231,375,13500139,1973
Jan Werle,2563,Grand Master,Netherlands,1082,376,1006088,1984
Valery Sviridov,2529,2562,Russian Federation,124,377,4120680,1991
Davorin Kuljasevic,2562,Grand Master,Croatia,784,378,14506661,1986
Wouter Spoelman,2562,Grand Master,Netherlands,690,379,1010891,1990
Fernando Peralta,2561,Grand Master,Argentina,1396,380,105309,1979
Jure Skoberne,2561,Grand Master,Slovenia,581,381,14604299,1987
Ehsan Ghaem Maghami,2561,Grand Master,Iran,1881,382,12500739,1982
Alexander Huzman,2561,Grand Master,Israel,1389,383,2803828,1962
Robert Kempinski,2561,Grand Master,Poland,1716,384,1105663,1977
Di Li,2561,Grand Master,China,277,385,8607508,1999
Roeland Pruijssers,2561,Grand Master,Netherlands,812,386,1013068,1989
Avetik Grigoryan,2561,Grand Master,Armenia,373,387,13302191,1989
Wenjun Ju,2560,Grand Master,China,1362,388,8603006,1991
Pavel V Tregubov,2560,Grand Master,Russian Federation,2099,389,4115341,1971
Dmitry Gordievsky,2559,Grand Master,Russian Federation,575,390,24112798,1996
Sergey Erenburg,2559,Grand Master,United States,729,391,2805642,1983
Artur Jussupow,2559,Grand Master,Germany,2105,392,4618777,1960
Erigaisi Arjun,2559,Grand Master,India,213,393,35009192,2003
Predrag Nikolic,2558,Grand Master,Bosnia And Herzegovina,2412,394,14400014,1960
Daniel Forcen Esteban,2558,Grand Master,Spain,317,395,2288230,1994
Igor Khenkin,2558,Grand Master,Germany,2011,396,4659600,1968
Mikhail Mozharov,2558,Grand Master,Russian Federation,532,397,4189825,1990
Hovhannes Gabuzyan,2557,Grand Master,Armenia,599,398,13303732,1995
Renier Vazquez Igarza,2557,Grand Master,Spain,492,399,3503054,1979
Davit Jojua,2557,Grand Master,Georgia,346,400,13602543,1989
Kamil Dragun,2557,Grand Master,Poland,618,401,1134167,1995
Bartlomiej Heberla,2556,Grand Master,Poland,873,402,1115120,1985
Daniil Lintchevski,2555,Grand Master,Russian Federation,987,403,4171055,1990
Vojtech Plat,2555,Grand Master,Czech Republic,870,404,325740,1994
Elshan Moradiabadi,2555,Grand Master,United States,791,405,12501255,1985
Yuri Vovk,2555,Grand Master,Ukraine,803,406,14113171,1988
Evgeny Pigusov,2555,Grand Master,Russian Federation,1020,407,4100514,1961
Matthieu Cornette,2555,Grand Master,France,969,408,620084,1985
Nikolas Theodorou,2554,International Master,Greece,130,409,4262875,2000
Krikor Sevag Mekhitarian,2554,Grand Master,Brazil,741,410,2107660,1986
Yinglun Xu,2554,Grand Master,China,471,411,8604940,1996
Federico Perez Ponsa,2554,Grand Master,Argentina,499,412,117927,1993
Levan Pantsulaia,2553,Grand Master,Georgia,1286,413,13602071,1986
Nitzan Steinberg,2553,Grand Master,Israel,269,414,2801795,1998
Tomas Polak,2553,Grand Master,Czech Republic,1691,415,300560,1974
Nico Georgiadis,2553,Grand Master,Switzerland,398,416,1300113,1996
Luis Engel,2553,Grand Master,Germany,115,417,12961523,2002
Jose Carlos Ibarra Jerez,2553,Grand Master,Spain,567,418,2226332,1985
Andrei Istratescu,2553,Grand Master,Romania,1734,419,1200372,1975
Victor Mikhalevski,2552,Grand Master,Israel,1776,420,2801914,1972
Stanislav Bogdanovich,2552,Grand Master,Ukraine,561,421,14115298,1993
Gergely Aczel,2552,Grand Master,Hungary,479,422,727709,1991
Luca Jr Moroni,2552,Grand Master,Italy,458,423,865834,2000
Simen Agdestein,2552,Grand Master,Norway,1253,424,1500015,1967
Boris Savchenko,2552,Grand Master,Russian Federation,1736,425,4147332,1986
Sergey Smagin,2551,Grand Master,Russian Federation,1035,426,4100425,1958
Susanto Megaranto,2550,Grand Master,Indonesia,600,427,7101384,1987
Robert Fontaine,2550,Grand Master,Switzerland,966,428,605590,1980
Vadim Moiseenko,2549,Grand Master,Russian Federation,539,429,4123700,1994
Conrad Holt,2549,Grand Master,United States,306,430,2034387,1993
Jonas Buhl Bjerre,2549,Grand Master,Denmark,288,431,1444948,2004
David Arutinian,2549,Grand Master,Georgia,585,432,13601741,1984
Nicholas Pert,2548,Grand Master,United Kingdom,823,433,403989,1981
Kaido Kulaots,2548,Grand Master,Estonia,1803,434,4500261,1976
Sasa Martinovic,2548,Grand Master,Croatia,950,435,14509792,1991
Michael Prusikin,2547,Grand Master,Germany,533,436,4642325,1978
Ante Saric,2547,Grand Master,Croatia,1270,437,14506254,1984
Sebastien Maze,2547,Grand Master,France,1221,438,613762,1984
Oliver Mihok,2547,Grand Master,Hungary,808,439,728012,1993
Vitaly Sivuk,2547,Grand Master,Ukraine,590,440,14116502,1992
Kateryna Lagno,2546,Grand Master,Russian Federation,1125,441,14109336,1989
Tomasz Markowski,2546,Grand Master,Poland,1459,442,1105680,1975
Ivan Rozum,2546,Grand Master,Russian Federation,921,443,24104272,1991
Andrey Sumets,2546,Grand Master,Ukraine,666,444,14105500,1980
Yuri Solodovnichenko,2546,Grand Master,Ukraine,1002,445,14104369,1978
Nicolas Checa,2546,Grand Master,United States,173,446,2069342,2001
Sergey Grigoriants,2546,Grand Master,Russian Federation,1248,447,4130804,1983
Luis Ernesto Quesada Perez,2545,Grand Master,Cuba,91,448,3520773,1999
Joerg Hickl,2545,Grand Master,Germany,1301,449,4600118,1965
Raunak Sadhwani,2545,Grand Master,India,329,450,35093487,2005
Andrey Rychagov,2545,Grand Master,Russian Federation,1017,451,4119932,1979
Mariya Muzychuk,2544,Grand Master,Ukraine,1176,452,14114550,1992
Lucas Van Foreest,2544,Grand Master,Netherlands,409,453,1039792,2001
Evgeny E Vorobiov,2544,Grand Master,Russian Federation,1398,454,4121341,1976
Javokhir Sindarov,2544,Grand Master,Uzbekistan,274,455,14205483,2005
Rui Gao,2543,Grand Master,China,384,456,8602387,1992
Alexandr Kharitonov,2543,Grand Master,Russian Federation,577,457,4135202,1986
Andre Diamant,2543,Grand Master,Brazil,452,458,2108356,1990
Cemil Can Ali Marandi,2543,Grand Master,Turkey,423,459,6300529,1998
Dmitry Obolenskikh,2543,International Master,Russian Federation,91,460,4156013,1985
Jonas Lampert,2542,Grand Master,Germany,272,461,1303759,1997
Qingnan Liu,2542,Grand Master,China,220,462,8603294,1992
Viktor Gazik,2542,International Master,Slovakia,335,463,14928752,2001
Boris Gulko,2542,Grand Master,United States,1995,464,2000040,1947
Momchil Nikolov,2542,Grand Master,Bulgaria,753,465,2905710,1985
Dmitry Frolyanov,2542,Grand Master,Russian Federation,835,466,4151976,1986
Alexander Goldin,2542,Grand Master,United States,991,467,2019540,1964
Bence Korpa,2541,Grand Master,Hungary,407,468,706671,1998
Andrey Shariyazdanov,2541,Grand Master,Russian Federation,872,469,4122747,1976
Diptayan Ghosh,2541,Grand Master,India,269,470,5045207,1998
Ruifeng Li,2541,Grand Master,United States,328,471,2061074,2001
Avital Boruchovsky,2541,Grand Master,Israel,369,472,2800055,1997
Tomas Sosa,2541,International Master,Argentina,305,473,121576,1998
Ioannis Nikolaidis,2540,Grand Master,Greece,1293,474,4202139,1971
Srinath Narayanan,2540,Grand Master,India,538,475,5018420,1994
Pavlo Vorontsov,2540,Grand Master,Ukraine,154,476,14116367,1998
Juan Carlos Gonzalez Zamora,2540,Grand Master,Mexico,591,477,3507548,1968
Tigran K Harutyunian,2539,Grand Master,Armenia,531,478,13303635,1997
Tiger Hillarp Persson,2539,Grand Master,Sweden,1538,479,1700812,1970
Bobby Cheng,2539,Grand Master,Australia,204,480,4300033,1997
Dusko Pavasovic,2539,Grand Master,Slovenia,1685,481,14600986,1976
Robert Zelcic,2539,Grand Master,Croatia,2219,482,14500310,1965
Oleg Korneev,2538,Grand Master,Spain,2825,483,4156803,1969
Namig Guliyev,2538,Grand Master,Azerbaijan,584,484,13400363,1974
Alojzije Jankovic,2537,Grand Master,Croatia,1168,485,14505959,1983
Antonios Pavlidis,2536,Grand Master,Greece,387,486,4212312,1993
Akshat Chandra,2536,Grand Master,United States,449,487,25006711,1999
Igor Miladinovic,2536,Grand Master,Serbia,1515,488,4203380,1974
Hannes Stefansson,2536,Grand Master,Iceland,2083,489,2300087,1972
Tsegmed Batchuluun,2536,Grand Master,Mongolia,430,490,4900847,1987
Ioan Cristian Chirila,2536,Grand Master,Romania,664,491,1211668,1991
Erik Blomqvist,2535,Grand Master,Sweden,715,492,1709437,1990
Max Warmerdam,2535,International Master,Netherlands,336,493,1048104,2000
Anna Muzychuk,2535,Grand Master,Ukraine,1711,494,14111330,1990
Valerij Popov,2535,Grand Master,Russian Federation,1406,495,4119410,1974
Leonardo Tristan,2535,Grand Master,Argentina,311,496,113816,1989
Omar Almeida Quintana,2535,Grand Master,Cuba,472,497,3503313,1981
Ruud Janssen,2534,Grand Master,Netherlands,853,498,1004816,1979
Adam Tukhaev,2534,Grand Master,Ukraine,589,499,14109476,1988
Evgeny Shaposhnikov,2534,Grand Master,Russian Federation,989,500,4122232,1981
Ilia Iljiushenok,2534,Grand Master,Russian Federation,564,501,24105074,1993
Levente Vajda,2534,Grand Master,Romania,1662,502,1203975,1981
Jonathan Westerberg,2534,International Master,Sweden,317,503,1701754,1994
Sipke Ernst,2534,Grand Master,Netherlands,1372,504,1004689,1979
Sune Berg Hansen,2533,Grand Master,Denmark,1061,505,1400266,1971
Ildar Ibragimov,2533,Grand Master,Russian Federation,1532,506,4102878,1967
Jan H Timman,2533,Grand Master,Netherlands,3594,507,1000012,1951
Vladislav Nevednichy,2533,Grand Master,Romania,1958,508,1205730,1969
Alexander Naumann,2533,Grand Master,Germany,983,509,4623169,1979
Dmitry Bocharov,2533,Grand Master,Russian Federation,1770,510,4138716,1982
Jakhongir Vakhidov,2533,Grand Master,Uzbekistan,320,511,14201801,1995
Marius Manolache,2533,Grand Master,Romania,741,512,1201530,1973
Emanuel Berg,2532,Grand Master,Sweden,1576,513,1704060,1981
Leon Luke Mendonca,2532,International Master,India,363,514,35028561,2006
Marko Nenezic,2532,International Master,Serbia,215,515,912123,1995
Meilis Annaberdiev,2532,International Master,Turkmenistan,364,516,14000563,1985
Helgi Dam Ziska,2532,Grand Master,,451,517,7200595,1990
Levan Aroshidze,2532,Grand Master,Spain,542,518,13601865,1985
Fidel Corrales Jimenez,2532,Grand Master,United States,325,519,3506690,1987
Vlad Cristian Jianu,2532,Grand Master,Romania,742,520,1208110,1984
Krzysztof Bulski,2531,Grand Master,Poland,380,521,1121499,1987
Temur Kuybokarov,2530,Grand Master,Australia,101,522,14203049,2000
Leon Mons,2530,Grand Master,Germany,212,523,4614950,1995
Sergei Matsenko,2530,Grand Master,Russian Federation,403,524,4170083,1990
Boris Chatalbashev,2530,Grand Master,Denmark,1433,525,2900440,1974
Alexei Fedorov,2529,Grand Master,Belarus,1494,526,13500465,1972
Mark Paragua,2529,Grand Master,Philippines,944,527,5201241,1984
Shamsiddin Vokhidov,2529,Grand Master,Uzbekistan,287,528,14204223,2002
Eduardas Rozentalis,2529,Grand Master,Lithuania,2465,529,12800023,1963
Zurab Sturua,2529,Grand Master,Georgia,874,530,13600095,1959
Farid Abbasov,2528,Grand Master,Azerbaijan,430,531,13400665,1979
Sebastian Iermito,2528,International Master,Argentina,325,532,114286,1993
Alexander Shabalov,2528,Grand Master,United States,2003,533,2008572,1967
Jozsef Pinter,2528,Grand Master,Hungary,1541,534,700045,1953
Stanislav Novikov,2528,Grand Master,Russian Federation,630,535,4125371,1985
Rasul Ibrahimov,2527,Grand Master,Azerbaijan,441,536,13400495,1981
Christopher Noe,2527,International Master,Germany,237,537,24692018,1996
Ruslan Shcherbakov,2527,Grand Master,Russian Federation,1104,538,4102240,1969
Vladimir Epishin,2527,Grand Master,Russian Federation,2634,539,4162714,1965
Zoltan Medvegy,2527,Grand Master,Hungary,1133,540,708402,1979
Deep Sengupta,2527,Grand Master,India,826,541,5008352,1988
Guillermo Vazquez,2527,International Master,Paraguay,198,542,3702308,1997
Jean Marc Degraeve,2527,Grand Master,France,1534,543,600270,1971
Daniel Sadzikowski,2527,Grand Master,Poland,578,544,1132253,1994
Erald Dervishi,2527,Grand Master,Albania,737,545,4700236,1979
Vasily Yemelin,2527,Grand Master,Russian Federation,1217,546,4113217,1976
Yi Xu,2527,Grand Master,China,411,547,8605564,1998
Leandro Krysa,2527,Grand Master,Argentina,361,548,116807,1992
Tadeas Kriebel,2527,International Master,Czech Republic,479,549,330027,1995
Yuri Yakovich,2526,Grand Master,Russian Federation,1485,550,4100654,1962
Roberto Garcia Pantoja,2526,Grand Master,Cuba,99,551,3509265,1992
Aleksander Delchev,2526,Grand Master,Bulgaria,1975,552,2900394,1971
Hans Moke Niemann,2526,Grand Master,United States,230,553,2093596,2003
Gergely Kantor,2526,Grand Master,Hungary,498,554,751499,1999
Johann Hjartarson,2525,Grand Master,Iceland,1505,555,2300044,1963
Michal Olszewski,2525,Grand Master,Poland,489,556,1121251,1989
Semyon Lomasov,2525,International Master,Russian Federation,336,557,24164879,2002
Mladen Palac,2525,Grand Master,Croatia,2484,558,14500116,1971
Alexandre Danin,2525,Grand Master,Russian Federation,569,559,4144031,1986
Hagen Poetsch,2525,Grand Master,Germany,502,560,24615137,1991
Jean Pierre Le Roux,2524,Grand Master,France,781,561,609404,1982
Nana Dzagnidze,2524,Grand Master,Georgia,1632,562,13601903,1987
Zong Yuan Zhao,2524,Grand Master,Australia,511,563,3202534,1986
Michail Brodsky,2524,Grand Master,Ukraine,1371,564,14100932,1969
Yan Liu,2524,Grand Master,China,220,565,8608962,2000
Jakob Vang Glud,2524,Grand Master,Denmark,450,566,1407767,1988
Boban Bogosavljevic,2523,Grand Master,Serbia,496,567,931152,1988
Mikhail Demidov,2523,Grand Master,Russian Federation,736,568,4197143,1992
Li Tian Yeoh,2523,International Master,Malaysia,80,569,5702895,1999
Dmitriy Khegay,2523,Grand Master,Russian Federation,180,570,24153729,1997
Volodymyr Vetoshko,2523,Grand Master,Ukraine,258,571,14122480,1998
Ilja Zaragatski,2522,Grand Master,Germany,920,572,4655192,1985
Seyed Khalil Mousavi,2522,International Master,Iran,251,573,12511099,1998
Tal Baron,2522,Grand Master,Israel,544,574,2809958,1992
Darcy Lima,2522,Grand Master,Brazil,1038,575,2100045,1962
John M Burke,2522,Grand Master,United States,130,576,2070901,2001
G.A. Stany,2522,Grand Master,India,207,577,5029104,1993
Jakov Geller,2521,Grand Master,Russian Federation,945,578,4151984,1986
Jorge Viterbo Ferreira,2521,Grand Master,Portugal,172,579,1910850,1994
Nikola Djukic,2521,Grand Master,Montenegro,846,580,922412,1983
Vladimir Belous,2521,Grand Master,Russian Federation,626,581,4174003,1993
Marc Narciso Dublan,2521,Grand Master,Spain,1726,582,2201500,1974
Pier Luigi Basso,2521,Grand Master,Italy,521,583,866970,1997
Athanasios Mastrovasilis,2521,Grand Master,Greece,1039,584,4201990,1979
Anuar Ismagambetov,2520,Grand Master,Kazakhstan,532,585,13701525,1986
Andreas Kelires,2520,Grand Master,Greece,139,586,5900727,1999
Anh Khoi Nguyen,2520,Grand Master,Viet Nam,150,587,12404675,2002
Zoltan Ribli,2520,Grand Master,Hungary,2333,588,700010,1951
Evgeny Zanan,2520,Grand Master,Israel,341,589,24101940,1998
Tamas Jr Fodor,2520,Grand Master,Hungary,806,590,723762,1991
Lelys Stanley Martinez Duany,2520,Grand Master,Cuba,439,591,3504727,1985
Pierre Bailet,2520,International Master,France,312,592,655830,1988
Kjetil A Lie,2520,Grand Master,Norway,655,593,1501984,1980
Jergus Pechac,2519,Grand Master,Slovakia,257,594,14926970,2001
Filip Pancevski,2519,International Master,Macedonia,354,595,15002187,1988
Martin Petrov,2519,International Master,Bulgaria,131,596,2911086,2000
Nikita Afanasiev,2519,Grand Master,Russian Federation,254,597,24183555,2000
Bartlomiej Macieja,2519,Grand Master,Poland,1744,598,1104306,1977
Sabino Brunello,2519,Grand Master,Italy,1065,599,813613,1989
Alessio Valsecchi,2519,Grand Master,Italy,604,600,818860,1992
Adam Kozak,2518,Grand Master,Hungary,466,601,753246,2002
Sundar M Shyam,2518,Grand Master,India,641,602,5019141,1992
Nikola Mitkov,2518,Grand Master,Macedonia,1223,603,15000290,1971
Yuri Gonzalez Vidal,2518,Grand Master,Cuba,443,604,3503321,1981
Sarunas Sulskis,2518,Grand Master,Lithuania,1306,605,12800112,1972
Roman Ovetchkin,2518,Grand Master,Russian Federation,879,606,4119991,1973
Lukasz Cyborowski,2517,Grand Master,Poland,841,607,1108760,1980
Szymon Gumularz,2517,International Master,Poland,251,608,1188062,2001
Alberto David,2517,Grand Master,Italy,1585,609,4000013,1970
Pavel Kotsur,2517,Grand Master,Kazakhstan,929,610,13700278,1974
Hugo Ten Hertog,2517,Grand Master,Netherlands,122,611,1026356,1994
Jaan Ehlvest,2517,Grand Master,United States,2540,612,4500016,1962
Rene Stern,2517,Grand Master,Germany,648,613,4611799,1972
Alexander G Beliavsky,2517,Grand Master,Slovenia,3150,614,14602377,1953
Andrey Zhigalko,2517,Grand Master,Belarus,917,615,13502247,1985
Vasilios Kotronias,2517,Grand Master,Greece,2034,616,5900212,1964
Andrei Sokolov,2516,International Master,Latvia,2176,617,11600306,1972
Sergei Lobanov,2516,International Master,Russian Federation,524,618,24183750,2001
Henrik Danielsen,2516,Grand Master,Iceland,1013,619,1400185,1966
Daniel Dardha,2516,International Master,Belgium,191,620,240990,2005
Alexander Berelowitsch,2516,Grand Master,Germany,894,621,14101440,1967
Visakh N R,2516,Grand Master,India,215,622,25012223,1999
Ognjen Jovanic,2516,Grand Master,Croatia,1142,623,14504081,1978
Rafael A Vaganian,2516,Grand Master,Armenia,2449,624,13300016,1951
Andrei Shchekachev,2515,Grand Master,France,1577,625,4107730,1972
Dronavalli Harika,2515,Grand Master,India,1758,626,5015197,1991
Egor Krivoborodov,2515,Grand Master,Russian Federation,254,627,4155890,1989
Jordi Magem Badals,2515,Grand Master,Spain,1282,628,2200074,1967
Dmitry Svetushkin,2515,Grand Master,Moldova,1676,629,13900463,1980
Twan Burg,2514,Grand Master,Netherlands,733,630,1010697,1990
Nikola Sedlak,2514,Grand Master,Serbia,1463,631,922900,1983
Pablo Zarnicki,2514,Grand Master,Argentina,1055,632,100137,1972
Pablo Salinas Herrera,2514,Grand Master,Chile,261,633,3407128,1994
Viacheslav V Zakhartsov,2514,Grand Master,Russian Federation,612,634,4115333,1968
Shardul Gagare,2514,Grand Master,India,349,635,5037883,1997
Gad Rechlis,2513,Grand Master,Israel,507,636,2800047,1967
Maxim Dlugy,2513,Grand Master,United States,746,637,2000075,1966
Marcin Tazbir,2513,Grand Master,Poland,613,638,1122452,1988
Sergey Ionov,2513,Grand Master,Russian Federation,943,639,4100875,1962
Ottomar Ladva,2513,Grand Master,Estonia,410,640,4500024,1997
Clovis Vernay,2513,International Master,France,469,641,633046,1989
Grzegorz Nasuta,2512,Grand Master,Poland,394,642,1141686,1996
Viktor Matviishen,2512,International Master,Ukraine,177,643,14129850,2002
Aydin Suleymanli,2512,International Master,Azerbaijan,237,644,13413937,2005
Bilel Bellahcene,2447,2512,France,359,645,Grand,696358 FIDE Profile
Lubomir Ftacnik,2512,Grand Master,Slovakia,2942,646,14900017,1957
Luc Winants,2512,Grand Master,Belgium,981,647,200018,1963
Nikolay Noritsyn,2512,International Master,Canada,229,648,2604922,1991
Marco Baldauf,2511,Grand Master,Germany,378,649,4688210,1990
Robert Rabiega,2511,Grand Master,Germany,1062,650,4601475,1971
Maciej Klekowski,2510,Grand Master,Poland,341,651,1132717,1992
Hedinn Steingrimsson,2510,Grand Master,Iceland,492,652,2300117,1975
Alexandr Triapishko,2510,International Master,Russian Federation,81,653,14122286,2000
Alder Escobar Forero,2510,Grand Master,Colombia,467,654,4400801,1977
Salvador G. Del Rio De Angelis,2510,Grand Master,Spain,377,655,2203138,1976
Vladimir Burmakin,2510,Grand Master,Russian Federation,2217,656,4105109,1967
Luka Budisavljevic,2510,International Master,Serbia,119,657,960047,2004
Maris Krakops,2510,Grand Master,Latvia,319,658,11600462,1978
Tomasz Warakomski,2510,Grand Master,Poland,574,659,1124552,1989
Zhongyi Tan,2510,Grand Master,China,1168,660,8603642,1991
Fabien Libiszewski,2510,Grand Master,France,845,661,616834,1984
Josep Manuel Lopez Martinez,2510,Grand Master,Spain,1156,662,2212943,1980
Gabriel Mateuta,2509,International Master,Romania,500,663,1206370,1980
Oliver Barbosa,2509,Grand Master,Philippines,312,664,5201640,1986
Bharathakoti Harsha,2509,Grand Master,India,338,665,5078776,2000
Evandro Amorim Barbosa,2509,Grand Master,Brazil,193,666,2115824,1992
Michael Brown,2509,Grand Master,United States,183,667,2037602,1997
Jose Angel Guerra Mendez,2509,Grand Master,Spain,163,668,3508129,1988
Maximilian Neef,2509,International Master,Germany,139,669,24692085,1996
Ernesto Fernandez Romero,2509,Grand Master,Spain,743,670,2214679,1983
Robin Swinkels,2509,Grand Master,Netherlands,740,671,1010824,1989
Uwe Boensch,2508,Grand Master,Germany,1622,672,4611268,1958
Bojan Kurajica,2508,Grand Master,Croatia,2394,673,14400057,1947
Matthias Dann,2508,International Master,Germany,216,674,24638056,1991
Yunguo Wan,2508,Grand Master,China,381,675,8603189,1990
Leon Livaic,2507,International Master,Croatia,254,676,14531534,2000
Pawel Teclaf,2507,International Master,Poland,163,677,1185934,2003
Lucian Costin Miron,2507,Grand Master,Romania,381,678,1210920,1987
S. Arun Prasad,2507,Grand Master,India,463,679,5011167,1988
Azamat Utegaliyev,2594,2507,Kazakhstan,296,680,13702467,1991
Grigor Grigorov,2507,Grand Master,Bulgaria,291,681,2907313,1987
Aryan Gholami,2507,Grand Master,Iran,331,682,12513342,2001
Stephen J Gordon,2506,Grand Master,United Kingdom,499,683,411477,1986
Manuel Apicella,2506,Grand Master,France,1505,684,600164,1970
Philipp Schlosser,2506,Grand Master,Germany,1600,685,4600169,1968
P Iniyan,2506,Grand Master,India,296,686,25002767,2002
Semen Khanin,2506,International Master,Russian Federation,417,687,4111990,1999
Cyril Ponizil,2506,International Master,Czech Republic,430,688,322202,1991
Artem Iljin,2506,Grand Master,Russian Federation,531,689,4156021,1987
Joel Benjamin,2506,Grand Master,United States,1637,690,2000091,1964
Jose Fernando Cuenca Jimenez,2506,Grand Master,Spain,461,691,2255570,1987
Zhihang Xu,2506,International Master,China,153,692,8611572,2001
Eric Lobron,2505,Grand Master,Germany,1793,693,4600037,1960
Tingjie Lei,2505,Grand Master,China,689,694,8605114,1997
Jaime Alexander Cuartas,2505,Grand Master,Colombia,453,695,4401190,1975
Bjorn Moller Ochsner,2505,International Master,Denmark,253,696,1416928,1994
Tomas Laurusas,2505,International Master,Lithuania,362,697,12803731,1996
Amirreza Pourramezanali,2504,Grand Master,Iran,407,698,12511412,1992
Dambasuren Batsuren,2504,Grand Master,Mongolia,118,699,4902920,2004
Renato Terry,2504,International Master,Peru,46,700,3803457,1992
Sahaj Grover,2504,Grand Master,India,358,701,5021103,1995
Magesh Chandran Panchanathan,2504,Grand Master,India,446,702,5007429,1983
Alon Greenfeld,2504,Grand Master,Israel,1396,703,2800039,1964
Konstantine Shanava,2504,Grand Master,Georgia,669,704,13601784,1985
Maximilian Berchtenbreiter,2504,International Master,Germany,193,705,24641120,1994
Changren Dai,2503,International Master,China,216,706,8608156,1999
Marcin Krzyzanowski,2503,Grand Master,Poland,330,707,1132199,1994
Viacheslav Tilicheev,2503,Grand Master,Russian Federation,150,708,24114928,1994
Joris Brenninkmeijer,2503,International Master,Netherlands,472,709,1000047,1969
Spartak Vysochin,2503,Grand Master,Ukraine,974,710,14103516,1975
Jonathan S Speelman,2503,Grand Master,United Kingdom,2166,711,400033,1956
Luis Lazaro Aguero Jimenez,2503,Grand Master,Cuba,139,712,3508455,1991
Gombosuren Munkhgal,2502,Grand Master,Mongolia,291,713,4901266,1988
Johan Salomon,2502,Grand Master,Norway,380,714,1509500,1997
Thies Heinemann,2502,Grand Master,Germany,648,715,4601556,1971
Petr Kiriakov,2502,Grand Master,Russian Federation,826,716,4119231,1975
Pawel Czarnota,2502,Grand Master,Poland,521,717,1121219,1988
Evgeny A Levin,2502,Grand Master,Russian Federation,730,718,4182596,1990
Novendra Priasmoro,2502,Grand Master,Indonesia,136,719,7105029,1999
Mihail Marin,2502,Grand Master,Romania,1797,720,1200020,1965
Radoslav Dimitrov,2501,Grand Master,Bulgaria,464,721,2908549,1993
Timur Fakhrutdinov,2501,FIDE Master,Russian Federation,175,722,24176702,2001
Paulius Pultinevicius,2501,Grand Master,Lithuania,239,723,12809390,2001
Zbigniew Pakleza,2501,Grand Master,Poland,463,724,1119290,1986
Sebastien Cossin,2501,International Master,France,334,725,618802,1986
Anatoly Vaisser,2501,Grand Master,France,1520,726,603252,1949
Das Debashis,2501,Grand Master,India,573,727,5024854,1993
Toms Kantans,2501,Grand Master,Latvia,494,728,11602945,1994
Ivajlo Enchev,2501,Grand Master,Bulgaria,388,729,2907712,1989
Anthony Wirig,2500,Grand Master,France,853,730,615013,1983
Praveen Balakrishnan,2500,International Master,United States,139,731,2064871,2002
Vitali Golod,2500,Grand Master,Israel,1292,732,2804140,1971
Vladislav Nozdrachev,2500,International Master,Russian Federation,263,733,24113441,1992
Maia Chiburdanidze,2500,Grand Master,Georgia,1454,734,13600036,1961
Andrey Drygalov,2500,International Master,Russian Federation,291,735,24171735,1999
Vyacheslav Ikonnikov,2500,Grand Master,Russian Federation,1369,736,4100972,1966
Daniel Alsina Leal,2500,Grand Master,Spain,623,737,2252627,1988
Dinara Saduakassova,2500,International Master,Kazakhstan,520,738,13700090,1996
Piotr Bobras,2500,Grand Master,Poland,824,739,1106880,1977
Mhamal Anurag,2499,Grand Master,India,294,740,5024366,1995
Jean Noel Riff,2499,Grand Master,France,738,741,611190,1981
Artem Omelja,2499,Grand Master,Ukraine,122,742,14119846,1991
Steven Zierk,2499,Grand Master,United States,194,743,2034255,1993
Arkadiusz Leniart,2499,Grand Master,Poland,509,744,1124226,1991
Branko Damljanovic,2498,Grand Master,Serbia,2393,745,900125,1961
Jan Bernasek,2498,Grand Master,Czech Republic,802,746,311995,1986
Balazs Csonka,2498,International Master,Hungary,241,747,742910,1997
Marcel Kanarek,2498,Grand Master,Poland,526,748,1126822,1993
Alexei Kornev,2498,Grand Master,Russian Federation,492,749,4120949,1976
Krasimir Rusev,2498,Grand Master,Bulgaria,742,750,2905434,1983
Masoud Mosadeghpour,2498,Grand Master,Iran,341,751,12519278,1997
Oskar Wieczorek,2498,Grand Master,Poland,387,752,1133950,1994
Hans Tikkanen,2498,Grand Master,Sweden,728,753,1706446,1985
Krzysztof Jakubowski,2497,Grand Master,Poland,827,754,1112848,1983
Roman Bar,2497,International Master,Israel,280,755,2803879,1982
Dmitry Maximov,2497,Grand Master,Ukraine,346,756,14105659,1984
Deivy Vera Siguenas,2497,Grand Master,Peru,157,757,3804623,1992
Vasil Spasov,2497,Grand Master,Bulgaria,925,758,2900041,1971
Miloje Ratkovic,2497,International Master,Serbia,193,759,914517,1996
Vladimir Petkov,2497,Grand Master,Bulgaria,816,760,2901188,1971
Robert Andrew Hungaski,2513,2496,United States,459,761,Grand,2021030 FIDE Profile
Laszlo Gonda,2496,Grand Master,Hungary,1066,762,720852,1988
Aleksandar Kovacevic,2496,Grand Master,Serbia,1309,763,903124,1974
Juraj Druska,2496,International Master,Slovakia,308,764,14915650,1994
Casper Schoppen,2496,Grand Master,Netherlands,226,765,1046730,2002
Robby Kevlishvili,2495,International Master,Netherlands,338,766,1040634,2001
G Akash,2495,Grand Master,India,126,767,5040299,1996
Igor Janik,2495,International Master,Poland,291,768,1159259,2000
S Dhopade Swapnil,2495,Grand Master,India,402,769,5019184,1990
Kevin Spraggett,2495,Grand Master,Canada,2094,770,2600013,1954
Hovik Hayrapetyan,2495,Grand Master,Armenia,523,771,13302639,1990
David Klein,2495,Grand Master,Netherlands,260,772,1003623,1993
Julio Becerra Rivero,2495,Grand Master,United States,973,773,3501728,1973
Omer Reshef,2495,International Master,Israel,168,774,2804336,1997
David Gorodetzky,2495,International Master,Israel,164,775,2813416,2000
Florian Kaczur,2495,International Master,Hungary,176,776,705098,1998
Sarasadat Khademalsharieh,2494,International Master,Iran,426,777,12512214,1997
Michal Matuszewski,2494,Grand Master,Poland,182,778,1129775,1993
Mihajlo Stojanovic,2494,Grand Master,Serbia,788,779,916366,1977
Alina Kashlinskaya,2494,International Master,Russian Federation,829,780,4198026,1993
Tomas Oral,2494,Grand Master,Czech Republic,1130,781,303739,1977
Danny Raznikov,2494,Grand Master,Israel,347,782,2811154,1993
Rafal Antoniewski,2493,Grand Master,Poland,1032,783,1111078,1980
Jacek Gdanski,2493,Grand Master,Poland,1128,784,1100106,1970
Andrey Gorovets,2493,Grand Master,Belarus,359,785,13504037,1987
Vereslav S Eingorn,2493,Grand Master,Ukraine,1427,786,14100053,1956
Andrei Belozerov,2493,Grand Master,Russian Federation,551,787,4120213,1977
Dimitri Komarov,2493,Grand Master,Ukraine,1013,788,14101270,1968
Andrei Murariu,2493,Grand Master,Romania,576,789,1209272,1986
Gerald Hertneck,2493,Grand Master,Germany,1184,790,4600088,1963
Qi b Chen,2493,International Master,China,240,791,8614733,2000
Ariel Erenberg,2492,International Master,Israel,317,792,2811634,2001
Jan Votava,2492,Grand Master,Czech Republic,1248,793,300535,1974
Manuel Pena Gomez,2492,Grand Master,Spain,317,794,2252813,1988
Alexander Zabotin,2492,International Master,Russian Federation,147,795,4159985,1986
Kirill Stupak,2492,Grand Master,Belarus,950,796,13503758,1990
Alexey Reshetnikov,2492,International Master,Russian Federation,450,797,4162080,1988
Jesper Hall,2492,International Master,Sweden,326,798,1700707,1971
Davor Rogic,2492,Grand Master,Croatia,1067,799,14501228,1971
Shahin Lorparizangeneh,2492,Grand Master,Iran,292,800,12521604,1999
Kevin Joel Cori Quispe,2492,Grand Master,Peru,69,801,3814017,1999
Israel Caspi,2492,International Master,Israel,271,802,2807394,1989
Nazar Firman,2491,Grand Master,Ukraine,604,803,14104490,1983
Kevel Oliva Castaneda,2491,Grand Master,Cuba,236,804,3500799,1994
Lance Henderson de La Fuente,2491,Grand Master,Spain,233,805,32096585,2003
Nino Batsiashvili,2491,Grand Master,Georgia,861,806,13602993,1987
Christopher Repka,2491,Grand Master,Slovakia,470,807,14918781,1998
Brandon Jacobson,2491,Grand Master,United States,245,808,30901561,2003
Ilya Khmelniker,2491,Grand Master,Israel,352,809,2805340,1985
Eyal Grinberg,2491,International Master,Israel,128,810,2806070,1998
Alexandre Dgebuadze,2490,Grand Master,Belgium,1084,811,203882,1971
Sergey Drygalov,2490,International Master,Russian Federation,257,812,24171743,1999
Milos Roganovic,2490,Grand Master,Serbia,333,813,937614,1991
Artem Chernobay,2490,Grand Master,Russian Federation,109,814,4167406,1989
Ulvi Sadikhov,2490,Grand Master,Azerbaijan,149,815,13401416,1998
Martin Petr,2489,Grand Master,Czech Republic,727,816,318299,1988
Martijn Dambacher,2489,Grand Master,Netherlands,619,817,1005030,1979
Borya Ider,2489,International Master,France,250,818,4901134,1994
Dragisa Blagojevic,2489,Grand Master,Montenegro,1140,819,900885,1966
Mishra Swayams,2489,Grand Master,India,399,820,5028183,1992
Branko Tadic,2487,Grand Master,Serbia,515,821,916412,1973
Johannes Haug,2487,International Master,Norway,273,822,1509268,2000
Razvan Preotu,2487,Grand Master,Canada,118,823,2613280,1999
Julen Luis Arizmendi Martinez,2487,Grand Master,Spain,916,824,2205092,1976
Darko Doric,2487,International Master,Croatia,530,825,14507200,1984
Denis Kovalev,2487,International Master,Ukraine,162,826,14104059,1982
Ioannis Georgiadis,2487,International Master,Greece,326,827,4208900,1987
Carlos S Matamoros Franco,2487,Grand Master,Ecuador,1187,828,3600017,1966
Andreas Diermair,2487,Grand Master,Austria,652,829,1612468,1986
Walter Arencibia Rodriguez,2486,Grand Master,Cuba,127,830,3500012,1967
Sergey Klimov,2486,Grand Master,Russian Federation,431,831,4121759,1979
Vladimir Zakhartsov,2486,Grand Master,Russian Federation,574,832,4145097,1997
Alex Yermolinsky,2486,Grand Master,United States,1537,833,2005492,1958
Robert Cvek,2486,Grand Master,Czech Republic,1082,834,307424,1979
Raymond Song,2485,International Master,Taiwan,252,835,3203824,1994
Angel Espinosa Aranda,2485,International Master,Spain,206,836,2278189,1992
Martin Nayhebaver,2485,International Master,Slovakia,283,837,14923432,1999
Zhonghan Ma,2485,International Master,China,167,838,8607206,1995
Ermes Espinosa Veloz,2485,Grand Master,Cuba,234,839,3507424,1987
Sergey Zagrebelny,2485,Grand Master,Uzbekistan,950,840,14200040,1965
Jonny Hector,2485,Grand Master,Sweden,2180,841,1700090,1964
Stamatis Kourkoulos Arditis,2485,International Master,Greece,160,842,4221990,1998
Trajko Nedev,2485,Grand Master,Macedonia,582,843,15000605,1973
Arnaldo Fernandez De La Vara,2485,International Master,Cuba,47,844,3518388,1999
Xiongjian Peng,2364,2485,China,205,845,8610550,2000
Ameet K Ghasi,2485,International Master,United Kingdom,174,846,409200,1987
Valentin Iotov,2485,Grand Master,Bulgaria,594,847,2906074,1988
Nikolaus Stanec,2484,Grand Master,Austria,1075,848,1601776,1968
Rustam Khusnutdinov,2484,Grand Master,Kazakhstan,477,849,13701703,1987
Titas Stremavicius,2484,Grand Master,Lithuania,340,850,12804444,1998
Robert Kuczynski,2484,Grand Master,Poland,1105,851,1100033,1966
Andres Rodriguez Vila,2484,Grand Master,Uruguay,605,852,3000010,1973
Jiri Kociscak,2484,International Master,Czech Republic,353,853,322121,1993
Dejan Bojkov,2483,Grand Master,Bulgaria,536,854,2904292,1977
Michael Bezold,2483,Grand Master,Germany,1046,855,4601718,1972
Venkataraman Karthik,2483,Grand Master,India,274,856,25006479,1999
Semen I Dvoirys,2483,Grand Master,Russian Federation,1656,857,4100379,1958
Lorenzo Lodici,2483,International Master,Italy,253,858,884189,2000
Jose Gonzalez Garcia,2483,Grand Master,Spain,792,859,5101174,1973
Gudmundur Kjartansson,2483,International Master,Iceland,747,860,2301318,1988
Adrien Demuth,2483,Grand Master,France,615,861,642274,1991
Dan Zoler,2483,Grand Master,Israel,645,862,2800705,1974
Luis Galego,2483,Grand Master,Portugal,1662,863,1900072,1966
Paul Velten,2482,Grand Master,France,271,864,681091,1993
Darwin Yang,2482,Grand Master,United States,297,865,2029111,1996
Stefan Bromberger,2482,Grand Master,Germany,829,866,4635248,1982
Lars Oskar Hauge,2482,International Master,Norway,352,867,1509276,1998
Dorian Rogozenco,2482,Grand Master,Romania,1193,868,1210319,1973
Victor L Ivanov,2482,International Master,Russian Federation,452,869,4106148,1969
Alexander Markgraf,2482,International Master,Germany,311,870,4646410,1981
Dusan Popovic,2481,Grand Master,Serbia,823,871,927031,1983
Matej Sebenik,2481,Grand Master,Slovenia,1191,872,14602296,1983
Pavel Potapov,2481,Grand Master,Russian Federation,1125,873,4169786,1990
Eldar Gasanov,2481,Grand Master,Ukraine,836,874,14104466,1982
William Hernandez Gonzalez,2481,International Master,Cuba,59,875,3509915,1995
Dalibor Stojanovic,2481,Grand Master,Bosnia And Herzegovina,624,876,922692,1983
Mate Bagi,2481,International Master,Hungary,289,877,742570,1995
Arian Gonzalez Perez,2481,Grand Master,Fide,136,878,3507777,1988
Melikset Khachiyan,2481,Grand Master,United States,211,879,13300512,1970
Liam Vrolijk,2480,International Master,Netherlands,233,880,1048333,2002
Daniel Hausrath,2480,Grand Master,Germany,1152,881,4617495,1976
Gaioz Nigalidze,2480,International Master,Georgia,265,882,13603078,1989
Dmitry V Sklyarov,2480,International Master,Finland,59,883,4157052,1983
Mihail Saltaev,2480,Grand Master,Uzbekistan,1017,884,14200058,1962
Guillaume Lamard,2480,International Master,France,145,885,600261,1997
Mika Karttunen,2480,International Master,Finland,1085,886,502081,1981
Denis Makhnev,2480,International Master,Kazakhstan,220,887,13707647,2000
Mario Villanueva,2480,International Master,Argentina,199,888,113433,1984
Axel Delorme,2480,Grand Master,France,559,889,632023,1990
Rautela Saksham,2480,International Master,India,75,890,35046977,2004
Tagir Salemgareev,2396,2480,Russian Federation,111,891,24199052,2002
Mikel Huerga Leache,2479,International Master,Spain,327,892,2268795,1989
Ilja Schneider,2479,International Master,Germany,667,893,4663306,1984
Quinten Ducarmon,2479,International Master,Netherlands,231,894,1025007,1994
Renier Castellanos Rodriguez,2479,International Master,Spain,295,895,3404650,1982
Damian Lemos,2479,Grand Master,Argentina,523,896,113581,1990
Felix Levin,2479,Grand Master,Germany,1147,897,4650905,1958
Evgeny Sveshnikov,2478,Grand Master,Russian Federation,2264,898,4100638,1950
Yago De Moura Santiago,2478,Grand Master,Brazil,208,899,2103877,1992
Vugar Rasulov,2478,Grand Master,Azerbaijan,446,900,13402390,1991
Valery A Loginov,2478,Grand Master,Russian Federation,1490,901,4126297,1955
Volodar Murzin,2478,International Master,Russian Federation,340,902,44155573,2006
Pere Garriga Cazorla,2478,International Master,Spain,153,903,32011601,1998
John M Emms,2478,Grand Master,United Kingdom,1109,904,400254,1967
Spyridon Kapnisis,2478,Grand Master,Greece,554,905,4203445,1981
Nikola Nestorovic,2477,Grand Master,Serbia,484,906,934526,1989
Jacob Aagaard,2477,Grand Master,Scotland,892,907,1401815,1973
Francesco Sonis,2477,International Master,Italy,271,908,895733,2002
Christophe Sochacki,2477,International Master,France,299,909,662569,1994
Jonathan Dourerassou,2477,Grand Master,France,423,910,628050,1989
Arjun Kalyan,2477,International Master,India,215,911,35018701,2002
Denis Rombaldoni,2477,International Master,Italy,670,912,813575,1989
George Gabriel Grigore,2477,Grand Master,Romania,369,913,1200186,1970
Vasily Papin,2477,Grand Master,Russian Federation,895,914,4143183,1988
Mihail Nikitenko,2477,International Master,Belarus,250,915,13506862,2000
Benjamin Haldorsen,2477,International Master,Norway,213,916,1512633,1999
Baris Esen,2476,Grand Master,Turkey,644,917,6302114,1986
Arseniy Nesterov,2476,Grand Master,Russian Federation,204,918,24198455,2003
David Gavrilescu,2476,International Master,Romania,277,919,1227190,2003
Benjamin Finegold,2476,Grand Master,United States,928,920,2000261,1969
Valery Kazakouski,2476,International Master,Lithuania,367,921,13507443,2000
Gregory Shahade,2476,International Master,United States,372,922,2009064,1978
Polina Shuvalova,2476,International Master,Russian Federation,409,923,24171760,2001
Vishnu Prasanna. V,2476,Grand Master,India,529,924,5030692,1989
Linus Johansson,2476,International Master,Sweden,290,925,1711113,1995
Ramil Faizrakhmanov,2476,International Master,Russian Federation,313,926,24103209,1997
Yevgeniy Roshka,2476,International Master,Ukraine,67,927,14129558,2001
Aslan Aitbayev,2475,International Master,Kazakhstan,110,928,13704613,1990
Miguoel Admiraal,2475,International Master,Netherlands,303,929,1019716,1994
Maksat Atabayev,2475,Grand Master,Turkmenistan,281,930,14001101,1994
Igor Glek,2475,Grand Master,Russian Federation,2197,931,4100484,1961
Irakli Beradze,2475,International Master,Georgia,240,932,13604597,1996
Martin Bitelmajer,2475,International Master,Argentina,176,933,111651,1988
Alejandro Hoffman,2474,Grand Master,Uruguay,1396,934,100340,1966
Gabriel Flom,2474,Grand Master,France,569,935,621650,1986
Platon Galperin,2474,International Master,Ukraine,159,936,14165414,2003
Alexandra Kosteniuk,2474,Grand Master,Russian Federation,2270,937,4128125,1984
Arthur Pijpers,2474,International Master,Netherlands,469,938,1019554,1994
Elier Miranda Mesa,2474,Grand Master,Cuba,133,939,3510697,1993
Arman Mikaelyan,2474,Grand Master,Armenia,354,940,13304852,1996
Tanguy Ringoir,2474,Grand Master,Belgium,530,941,208027,1994
James Morris,2473,International Master,Australia,197,942,3205800,1994
Pontus Carlsson,2473,Grand Master,Sweden,800,943,1705814,1982
Sergei Iskusnyh,2473,Grand Master,Russian Federation,839,944,4120027,1974
Aljoscha Feuerstack,2473,International Master,Germany,449,945,4681932,1988
Jesus Nogueiras Santiago,2473,Grand Master,Cuba,1700,946,3500020,1959
Lela Javakhishvili,2473,International Master,Georgia,1227,947,13601458,1984
Ivan Schitco,2473,International Master,Moldova,157,948,13905465,2003
Vladimir Gurevich,2473,Grand Master,Ukraine,577,949,14100207,1959
Yiping Lou,2472,International Master,China,323,950,8603928,1991
Prithu Gupta,2472,Grand Master,India,125,951,46618546,2004
Raja Harshit,2472,International Master,India,323,952,5089000,2001
Normunds Miezis,2472,Grand Master,Latvia,2097,953,11600136,1971
Natalija Pogonina,2472,Woman Grandmaster,Russian Federation,1312,954,4147855,1985
Artashes Minasian,2472,Grand Master,Armenia,1158,955,13300040,1967
Jadranko Plenca,2472,International Master,Croatia,211,956,14527146,1999
Zhansaya Abdumalik,2472,International Master,Kazakhstan,521,957,13703544,2000
Luka Draskovic,2472,International Master,Montenegro,256,958,944335,1995
Yahli Sokolovsky,2472,FIDE Master,Israel,63,959,2820242,2006
Istvan Sipos,2472,International Master,Hungary,365,960,720631,1987
Sergey Kasparov,2471,Grand Master,Belarus,746,961,13500481,1968
Milos Pavlovic,2471,Grand Master,Serbia,1768,962,900389,1964
Salvador Alonso,2471,Grand Master,Argentina,681,963,105198,1974
Xavier Vila Gazquez,2471,Grand Master,Spain,328,964,2261090,1990
Ram Soffer,2471,Grand Master,Israel,525,965,2800101,1965
Harutyun Barseghyan,2471,International Master,France,131,966,13304585,1998
Karen Movsziszian,2471,Grand Master,Armenia,1381,967,13301152,1963
G Petar Arnaudov,2471,Grand Master,Bulgaria,437,968,2907127,1986
Stefan Kindermann,2471,Grand Master,Austria,1930,969,4600053,1959
Mihnea Costachi,2471,International Master,Romania,202,970,1217518,2000
Levon Babujian,2471,Grand Master,Armenia,525,971,13301993,1986
Diego Rafael Di Berardino,2471,International Master,Brazil,487,972,2105446,1987
Kirill Kozionov,2470,International Master,Russian Federation,332,973,24101729,1998
Saveliy Golubov,2470,International Master,Russian Federation,670,974,24176729,2000
Karel Malinovsky,2470,International Master,Czech Republic,382,975,313874,1988
Kamil Stachowiak,2470,International Master,Poland,408,976,1119966,1986
Luca Shytaj,2470,Grand Master,Italy,444,977,812633,1986
Cem Kaan Gokerkan,2470,International Master,Turkey,219,978,6336760,2000
Nikita Matinian,2470,Grand Master,Russian Federation,364,979,24129100,1992
Abdulla Gadimbayli,2470,International Master,Azerbaijan,263,980,13404938,2002
Einar Gausel,2542,2470,Norway,1237,981,Grand,1500031 FIDE Profile
Antoaneta Stefanova,2470,Grand Master,Bulgaria,2530,982,2902257,1979
Suat Atalik,2469,Grand Master,Serbia,1921,983,14401487,1964
Teja S Ravi,2469,International Master,India,247,984,5017220,1993
Aleksa Strikovic,2469,Grand Master,Serbia,1683,985,900150,1961
Krystian Kuzmicz,2469,International Master,Poland,377,986,1119125,1987
Maxim Novikov,2469,Grand Master,Russian Federation,430,987,4161289,1972
Dejan Antic,2469,Grand Master,Serbia,931,988,901008,1968
Carles Diaz Camallonga,2469,International Master,Spain,157,989,22235256,1996
Renato R. Quintiliano Pinto,2469,International Master,Brazil,145,990,2117568,1992
Werner Hug,2469,International Master,Switzerland,980,991,1300040,1952
Jose Fernando Cubas,2469,Grand Master,Paraguay,973,992,3700267,1981
Orest Gritsak,2468,Grand Master,Ukraine,381,993,14102188,1973
Friso Nijboer,2468,Grand Master,Netherlands,2227,994,1000063,1965
Adham Fawzy,2468,Grand Master,Egypt,94,995,10613129,2000
Vadim Malakhatko,2468,Grand Master,Belgium,1698,996,14104202,1977
Alexander Bagrationi,2468,Grand Master,Israel,72,997,14104954,1990
Tim Janzelj,2468,International Master,Slovenia,157,998,14607913,1994
Ogulcan Kanmazalp,2468,International Master,Turkey,411,999,6304990,1992
Evgeny Gleizerov,2468,Grand Master,Russian Federation,1443,1000,4101332,1963
